{
    "key": "group_583ce02a18e98",
    "title": "Group Component",
    "fields": [
        {
            "key": "field_583ce60aa4ee2",
            "label": "Group Component",
            "name": "group_component",
            "type": "flexible_content",
            "instructions": "",
            "required": 0,
            "conditional_logic": 0,
            "wrapper": {
                "width": "",
                "class": "",
                "id": ""
            },
            "layouts": {
                "583ce61ac8742": {
                    "key": "583ce61ac8742",
                    "name": "block_content_image",
                    "label": "Block Content Image",
                    "display": "row",
                    "sub_fields": [
                        {
                            "key": "field_5b047ff51fa8c",
                            "label": "Container Enable",
                            "name": "container_enable",
                            "type": "true_false",
                            "instructions": "",
                            "required": 0,
                            "conditional_logic": 0,
                            "wrapper": {
                                "width": "",
                                "class": "",
                                "id": ""
                            },
                            "message": "True if want block have container",
                            "default_value": 0,
                            "ui": 1,
                            "ui_on_text": "",
                            "ui_off_text": ""
                        },
                        {
                            "key": "field_5af491da034df",
                            "label": "Block Layout",
                            "name": "block_layout",
                            "type": "select",
                            "instructions": "",
                            "required": 0,
                            "conditional_logic": 0,
                            "wrapper": {
                                "width": "",
                                "class": "",
                                "id": ""
                            },
                            "choices": {
                                "content-image": "Content - Image",
                                "image-content": "Image - Content"
                            },
                            "default_value": [
                                "content-image"
                            ],
                            "allow_null": 0,
                            "multiple": 0,
                            "ui": 0,
                            "ajax": 0,
                            "return_format": "value",
                            "placeholder": ""
                        },
                        {
                            "key": "field_5af49230034e0",
                            "label": "Block Content",
                            "name": "block_content",
                            "type": "group",
                            "instructions": "",
                            "required": 0,
                            "conditional_logic": 0,
                            "wrapper": {
                                "width": "",
                                "class": "",
                                "id": ""
                            },
                            "layout": "block",
                            "sub_fields": [
                                {
                                    "key": "field_5af49253034e1",
                                    "label": "Block Title",
                                    "name": "block_title",
                                    "type": "text",
                                    "instructions": "",
                                    "required": 0,
                                    "conditional_logic": 0,
                                    "wrapper": {
                                        "width": "",
                                        "class": "",
                                        "id": ""
                                    },
                                    "default_value": "",
                                    "placeholder": "",
                                    "prepend": "",
                                    "append": "",
                                    "maxlength": ""
                                },
                                {
                                    "key": "field_5af96a0fc2ce0",
                                    "label": "Block Subtitle",
                                    "name": "block_subtitle",
                                    "type": "text",
                                    "instructions": "",
                                    "required": 0,
                                    "conditional_logic": 0,
                                    "wrapper": {
                                        "width": "",
                                        "class": "",
                                        "id": ""
                                    },
                                    "default_value": "",
                                    "placeholder": "",
                                    "prepend": "",
                                    "append": "",
                                    "maxlength": ""
                                },
                                {
                                    "key": "field_5af4925d034e2",
                                    "label": "Block Body",
                                    "name": "block_body",
                                    "type": "wysiwyg",
                                    "instructions": "",
                                    "required": 0,
                                    "conditional_logic": 0,
                                    "wrapper": {
                                        "width": "",
                                        "class": "",
                                        "id": ""
                                    },
                                    "default_value": "",
                                    "tabs": "all",
                                    "toolbar": "full",
                                    "media_upload": 0,
                                    "delay": 0
                                },
                                {
                                    "key": "field_5af96ad8febf6",
                                    "label": "Enable Read More",
                                    "name": "enable_read_more",
                                    "type": "true_false",
                                    "instructions": "",
                                    "required": 0,
                                    "conditional_logic": 0,
                                    "wrapper": {
                                        "width": "",
                                        "class": "",
                                        "id": ""
                                    },
                                    "message": "Swich Yes for enable Read More link",
                                    "default_value": 0,
                                    "ui": 1,
                                    "ui_on_text": "",
                                    "ui_off_text": ""
                                },
                                {
                                    "key": "field_5af96a91a812c",
                                    "label": "Read More Text",
                                    "name": "read_more_text",
                                    "type": "text",
                                    "instructions": "",
                                    "required": 0,
                                    "conditional_logic": [
                                        [
                                            {
                                                "field": "field_5af96ad8febf6",
                                                "operator": "==",
                                                "value": "1"
                                            }
                                        ]
                                    ],
                                    "wrapper": {
                                        "width": "",
                                        "class": "",
                                        "id": ""
                                    },
                                    "default_value": "",
                                    "placeholder": "",
                                    "prepend": "",
                                    "append": "",
                                    "maxlength": ""
                                },
                                {
                                    "key": "field_5af96aa0a812d",
                                    "label": "Read More URL",
                                    "name": "read_more_url",
                                    "type": "url",
                                    "instructions": "",
                                    "required": 0,
                                    "conditional_logic": [
                                        [
                                            {
                                                "field": "field_5af96ad8febf6",
                                                "operator": "==",
                                                "value": "1"
                                            }
                                        ]
                                    ],
                                    "wrapper": {
                                        "width": "",
                                        "class": "",
                                        "id": ""
                                    },
                                    "default_value": "",
                                    "placeholder": ""
                                }
                            ]
                        },
                        {
                            "key": "field_5af4927c034e3",
                            "label": "Block Image",
                            "name": "block_image",
                            "type": "image",
                            "instructions": "",
                            "required": 0,
                            "conditional_logic": 0,
                            "wrapper": {
                                "width": "",
                                "class": "",
                                "id": ""
                            },
                            "return_format": "array",
                            "preview_size": "thumbnail",
                            "library": "all",
                            "min_width": "",
                            "min_height": "",
                            "min_size": "",
                            "max_width": "",
                            "max_height": "",
                            "max_size": "",
                            "mime_types": "",
                            "default_value": ""
                        },
                        {
                            "key": "field_5af4929b034e4",
                            "label": "Component Class",
                            "name": "component_class",
                            "type": "text",
                            "instructions": "",
                            "required": 0,
                            "conditional_logic": 0,
                            "wrapper": {
                                "width": "",
                                "class": "",
                                "id": ""
                            },
                            "default_value": "",
                            "placeholder": "",
                            "prepend": "",
                            "append": "",
                            "maxlength": ""
                        }
                    ],
                    "min": "",
                    "max": ""
                },
                "5b048ac58a03f": {
                    "key": "5b048ac58a03f",
                    "name": "block_content_two_col",
                    "label": "Block Content Two Col",
                    "display": "row",
                    "sub_fields": [
                        {
                            "key": "field_5b048ac58a042",
                            "label": "Block Columns",
                            "name": "block_columns",
                            "type": "repeater",
                            "instructions": "",
                            "required": 0,
                            "conditional_logic": 0,
                            "wrapper": {
                                "width": "",
                                "class": "",
                                "id": ""
                            },
                            "collapsed": "",
                            "min": 2,
                            "max": 2,
                            "layout": "block",
                            "button_label": "Add Blocks",
                            "sub_fields": [
                                {
                                    "key": "field_5b048ac58a043",
                                    "label": "Block Title",
                                    "name": "block_title",
                                    "type": "text",
                                    "instructions": "",
                                    "required": 0,
                                    "conditional_logic": 0,
                                    "wrapper": {
                                        "width": "",
                                        "class": "",
                                        "id": ""
                                    },
                                    "default_value": "",
                                    "placeholder": "",
                                    "prepend": "",
                                    "append": "",
                                    "maxlength": ""
                                },
                                {
                                    "key": "field_5b048ac58a044",
                                    "label": "Block Subtitle",
                                    "name": "block_subtitle",
                                    "type": "text",
                                    "instructions": "",
                                    "required": 0,
                                    "conditional_logic": 0,
                                    "wrapper": {
                                        "width": "",
                                        "class": "",
                                        "id": ""
                                    },
                                    "default_value": "",
                                    "placeholder": "",
                                    "prepend": "",
                                    "append": "",
                                    "maxlength": ""
                                },
                                {
                                    "key": "field_5b048ac58a045",
                                    "label": "Block Body",
                                    "name": "block_body",
                                    "type": "wysiwyg",
                                    "instructions": "",
                                    "required": 0,
                                    "conditional_logic": 0,
                                    "wrapper": {
                                        "width": "",
                                        "class": "",
                                        "id": ""
                                    },
                                    "default_value": "",
                                    "tabs": "all",
                                    "toolbar": "full",
                                    "media_upload": 0,
                                    "delay": 0
                                },
                                {
                                    "key": "field_5b048ac58a049",
                                    "label": "Block Image",
                                    "name": "block_image",
                                    "type": "image",
                                    "instructions": "",
                                    "required": 0,
                                    "conditional_logic": 0,
                                    "wrapper": {
                                        "width": "",
                                        "class": "",
                                        "id": ""
                                    },
                                    "return_format": "array",
                                    "preview_size": "thumbnail",
                                    "library": "all",
                                    "min_width": "",
                                    "min_height": "",
                                    "min_size": "",
                                    "max_width": "",
                                    "max_height": "",
                                    "max_size": "",
                                    "mime_types": "",
                                    "default_value": ""
                                },
                                {
                                    "key": "field_5b048c6a7540d",
                                    "label": "Column Color",
                                    "name": "column_color",
                                    "type": "color_picker",
                                    "instructions": "",
                                    "required": 0,
                                    "conditional_logic": 0,
                                    "wrapper": {
                                        "width": "",
                                        "class": "",
                                        "id": ""
                                    },
                                    "default_value": ""
                                }
                            ]
                        },
                        {
                            "key": "field_5b048ac58a04a",
                            "label": "Component Class",
                            "name": "component_class",
                            "type": "text",
                            "instructions": "",
                            "required": 0,
                            "conditional_logic": 0,
                            "wrapper": {
                                "width": "",
                                "class": "",
                                "id": ""
                            },
                            "default_value": "",
                            "placeholder": "",
                            "prepend": "",
                            "append": "",
                            "maxlength": ""
                        }
                    ],
                    "min": "",
                    "max": ""
                },
                "5af49195034dd": {
                    "key": "5af49195034dd",
                    "name": "block_list_service",
                    "label": "Block List Service",
                    "display": "row",
                    "sub_fields": [
                        {
                            "key": "field_5af492c9034e5",
                            "label": "List Post",
                            "name": "list_post",
                            "type": "post_object",
                            "instructions": "",
                            "required": 0,
                            "conditional_logic": 0,
                            "wrapper": {
                                "width": "",
                                "class": "",
                                "id": ""
                            },
                            "post_type": [
                                "post"
                            ],
                            "taxonomy": [],
                            "allow_null": 0,
                            "multiple": 1,
                            "return_format": "object",
                            "ui": 1
                        },
                        {
                            "key": "field_5af49349034e6",
                            "label": "Component Class",
                            "name": "component_class",
                            "type": "text",
                            "instructions": "",
                            "required": 0,
                            "conditional_logic": 0,
                            "wrapper": {
                                "width": "",
                                "class": "",
                                "id": ""
                            },
                            "default_value": "",
                            "placeholder": "",
                            "prepend": "",
                            "append": "",
                            "maxlength": ""
                        }
                    ],
                    "min": "",
                    "max": ""
                },
                "5af491cf034de": {
                    "key": "5af491cf034de",
                    "name": "block_gallery",
                    "label": "Block Gallery",
                    "display": "row",
                    "sub_fields": [
                        {
                            "key": "field_5af4934d034e7",
                            "label": "Gallery Images List",
                            "name": "gallery_images_list",
                            "type": "gallery",
                            "instructions": "",
                            "required": 0,
                            "conditional_logic": 0,
                            "wrapper": {
                                "width": "",
                                "class": "",
                                "id": ""
                            },
                            "min": "",
                            "max": "",
                            "insert": "append",
                            "library": "all",
                            "min_width": "",
                            "min_height": "",
                            "min_size": "",
                            "max_width": "",
                            "max_height": "",
                            "max_size": "",
                            "mime_types": ""
                        },
                        {
                            "key": "field_5b052d4aaf3a7",
                            "label": "Gallery Layout",
                            "name": "gallery_layout",
                            "type": "radio",
                            "instructions": "",
                            "required": 0,
                            "conditional_logic": 0,
                            "wrapper": {
                                "width": "",
                                "class": "",
                                "id": ""
                            },
                            "choices": {
                                "layout_none": "<span class=\"layout-none\">None<\/span>",
                                "layout_first": "<span class=\"layout-first\">Layout 1<\/span>",
                                "layout_seccond": "<span class=\"layout-seccond \">Layout 2<\/span>"
                            },
                            "allow_null": 0,
                            "other_choice": 0,
                            "save_other_choice": 0,
                            "default_value": "layout_none",
                            "layout": "horizontal",
                            "return_format": "value"
                        },
                        {
                            "key": "field_5af49380034e8",
                            "label": "Component Class",
                            "name": "component_class",
                            "type": "text",
                            "instructions": "",
                            "required": 0,
                            "conditional_logic": 0,
                            "wrapper": {
                                "width": "",
                                "class": "",
                                "id": ""
                            },
                            "default_value": "",
                            "placeholder": "",
                            "prepend": "",
                            "append": "",
                            "maxlength": ""
                        }
                    ],
                    "min": "",
                    "max": ""
                },
                "5af51400ee72b": {
                    "key": "5af51400ee72b",
                    "name": "block_support_system",
                    "label": "Block Support System",
                    "display": "row",
                    "sub_fields": [
                        {
                            "key": "field_5af51433ee72c",
                            "label": "Block Title",
                            "name": "block_title",
                            "type": "text",
                            "instructions": "",
                            "required": 0,
                            "conditional_logic": 0,
                            "wrapper": {
                                "width": "",
                                "class": "",
                                "id": ""
                            },
                            "default_value": "",
                            "placeholder": "",
                            "prepend": "",
                            "append": "",
                            "maxlength": ""
                        },
                        {
                            "key": "field_5af5143cee72d",
                            "label": "Block Subtitle",
                            "name": "block_subtitle",
                            "type": "text",
                            "instructions": "",
                            "required": 0,
                            "conditional_logic": 0,
                            "wrapper": {
                                "width": "",
                                "class": "",
                                "id": ""
                            },
                            "default_value": "",
                            "placeholder": "",
                            "prepend": "",
                            "append": "",
                            "maxlength": ""
                        },
                        {
                            "key": "field_5af51444ee72e",
                            "label": "Block Description",
                            "name": "block_description",
                            "type": "textarea",
                            "instructions": "",
                            "required": 0,
                            "conditional_logic": 0,
                            "wrapper": {
                                "width": "",
                                "class": "",
                                "id": ""
                            },
                            "default_value": "",
                            "placeholder": "",
                            "maxlength": "",
                            "rows": 3,
                            "new_lines": ""
                        },
                        {
                            "key": "field_5af5145bee72f",
                            "label": "Support System Time Line",
                            "name": "support_system_time_line",
                            "type": "repeater",
                            "instructions": "",
                            "required": 0,
                            "conditional_logic": 0,
                            "wrapper": {
                                "width": "",
                                "class": "",
                                "id": ""
                            },
                            "collapsed": "",
                            "min": 0,
                            "max": 0,
                            "layout": "block",
                            "button_label": "Add Systems",
                            "sub_fields": [
                                {
                                    "key": "field_5af514d2ee730",
                                    "label": "Step Title",
                                    "name": "step_title",
                                    "type": "text",
                                    "instructions": "",
                                    "required": 0,
                                    "conditional_logic": 0,
                                    "wrapper": {
                                        "width": "",
                                        "class": "",
                                        "id": ""
                                    },
                                    "default_value": "",
                                    "placeholder": "",
                                    "prepend": "",
                                    "append": "",
                                    "maxlength": ""
                                },
                                {
                                    "key": "field_5af514e4ee731",
                                    "label": "Content Step Title",
                                    "name": "content_step_title",
                                    "type": "text",
                                    "instructions": "",
                                    "required": 0,
                                    "conditional_logic": 0,
                                    "wrapper": {
                                        "width": "",
                                        "class": "",
                                        "id": ""
                                    },
                                    "default_value": "",
                                    "placeholder": "",
                                    "prepend": "",
                                    "append": "",
                                    "maxlength": ""
                                },
                                {
                                    "key": "field_5af514eeee732",
                                    "label": "Content Step",
                                    "name": "content_step",
                                    "type": "textarea",
                                    "instructions": "",
                                    "required": 0,
                                    "conditional_logic": 0,
                                    "wrapper": {
                                        "width": "",
                                        "class": "",
                                        "id": ""
                                    },
                                    "default_value": "",
                                    "placeholder": "",
                                    "maxlength": "",
                                    "rows": 3,
                                    "new_lines": ""
                                }
                            ]
                        },
                        {
                            "key": "field_5af51521ee733",
                            "label": "Component Class",
                            "name": "component_class",
                            "type": "text",
                            "instructions": "",
                            "required": 0,
                            "conditional_logic": 0,
                            "wrapper": {
                                "width": "",
                                "class": "",
                                "id": ""
                            },
                            "default_value": "",
                            "placeholder": "",
                            "prepend": "",
                            "append": "",
                            "maxlength": ""
                        }
                    ],
                    "min": "",
                    "max": ""
                },
                "5af515adee734": {
                    "key": "5af515adee734",
                    "name": "block_after_service",
                    "label": "Block After Service",
                    "display": "row",
                    "sub_fields": [
                        {
                            "key": "field_5af515c3ee735",
                            "label": "Block Title",
                            "name": "block_title",
                            "type": "text",
                            "instructions": "",
                            "required": 0,
                            "conditional_logic": 0,
                            "wrapper": {
                                "width": "",
                                "class": "",
                                "id": ""
                            },
                            "default_value": "",
                            "placeholder": "",
                            "prepend": "",
                            "append": "",
                            "maxlength": ""
                        },
                        {
                            "key": "field_5af515d1ee736",
                            "label": "Block Description",
                            "name": "block_description",
                            "type": "textarea",
                            "instructions": "",
                            "required": 0,
                            "conditional_logic": 0,
                            "wrapper": {
                                "width": "",
                                "class": "",
                                "id": ""
                            },
                            "default_value": "",
                            "placeholder": "",
                            "maxlength": "",
                            "rows": 3,
                            "new_lines": ""
                        },
                        {
                            "key": "field_5af51609ee737",
                            "label": "After Service List",
                            "name": "after_service_list",
                            "type": "repeater",
                            "instructions": "",
                            "required": 0,
                            "conditional_logic": 0,
                            "wrapper": {
                                "width": "",
                                "class": "",
                                "id": ""
                            },
                            "collapsed": "",
                            "min": 0,
                            "max": 0,
                            "layout": "block",
                            "button_label": "Add Step",
                            "sub_fields": [
                                {
                                    "key": "field_5af51683ee738",
                                    "label": "Step",
                                    "name": "step",
                                    "type": "text",
                                    "instructions": "",
                                    "required": 0,
                                    "conditional_logic": 0,
                                    "wrapper": {
                                        "width": "",
                                        "class": "",
                                        "id": ""
                                    },
                                    "default_value": "",
                                    "placeholder": "",
                                    "prepend": "",
                                    "append": "",
                                    "maxlength": ""
                                }
                            ]
                        },
                        {
                            "key": "field_5af516d7ee73a",
                            "label": "Group Steps",
                            "name": "group_steps",
                            "type": "group",
                            "instructions": "",
                            "required": 0,
                            "conditional_logic": 0,
                            "wrapper": {
                                "width": "",
                                "class": "",
                                "id": ""
                            },
                            "layout": "block",
                            "sub_fields": [
                                {
                                    "key": "field_5af5170aee73b",
                                    "label": "Group Step List",
                                    "name": "group_step_list",
                                    "type": "repeater",
                                    "instructions": "",
                                    "required": 0,
                                    "conditional_logic": 0,
                                    "wrapper": {
                                        "width": "",
                                        "class": "",
                                        "id": ""
                                    },
                                    "collapsed": "",
                                    "min": 0,
                                    "max": 0,
                                    "layout": "table",
                                    "button_label": "",
                                    "sub_fields": [
                                        {
                                            "key": "field_5af5174cee73c",
                                            "label": "Group Step Item",
                                            "name": "group_step_item",
                                            "type": "textarea",
                                            "instructions": "",
                                            "required": 0,
                                            "conditional_logic": 0,
                                            "wrapper": {
                                                "width": "",
                                                "class": "",
                                                "id": ""
                                            },
                                            "default_value": "",
                                            "placeholder": "",
                                            "maxlength": "",
                                            "rows": 3,
                                            "new_lines": "br"
                                        }
                                    ]
                                },
                                {
                                    "key": "field_5af5175aee73d",
                                    "label": "Image Attack",
                                    "name": "image_attack",
                                    "type": "image",
                                    "instructions": "",
                                    "required": 0,
                                    "conditional_logic": 0,
                                    "wrapper": {
                                        "width": "",
                                        "class": "",
                                        "id": ""
                                    },
                                    "return_format": "array",
                                    "preview_size": "thumbnail",
                                    "library": "all",
                                    "min_width": "",
                                    "min_height": "",
                                    "min_size": "",
                                    "max_width": "",
                                    "max_height": "",
                                    "max_size": "",
                                    "mime_types": "",
                                    "default_value": ""
                                }
                            ]
                        },
                        {
                            "key": "field_5af51788ee73e",
                            "label": "Component Class",
                            "name": "component_class",
                            "type": "text",
                            "instructions": "",
                            "required": 0,
                            "conditional_logic": 0,
                            "wrapper": {
                                "width": "",
                                "class": "",
                                "id": ""
                            },
                            "default_value": "",
                            "placeholder": "",
                            "prepend": "",
                            "append": "",
                            "maxlength": ""
                        }
                    ],
                    "min": "",
                    "max": ""
                },
                "5af517bcee73f": {
                    "key": "5af517bcee73f",
                    "name": "block_owner_voice",
                    "label": "Block Owner Voice",
                    "display": "row",
                    "sub_fields": [
                        {
                            "key": "field_5af517ebee740",
                            "label": "Block Title",
                            "name": "block_title",
                            "type": "text",
                            "instructions": "",
                            "required": 0,
                            "conditional_logic": 0,
                            "wrapper": {
                                "width": "",
                                "class": "",
                                "id": ""
                            },
                            "default_value": "",
                            "placeholder": "",
                            "prepend": "",
                            "append": "",
                            "maxlength": ""
                        },
                        {
                            "key": "field_5af517f7ee741",
                            "label": "Owner Voice",
                            "name": "owner_voice",
                            "type": "textarea",
                            "instructions": "",
                            "required": 0,
                            "conditional_logic": 0,
                            "wrapper": {
                                "width": "",
                                "class": "",
                                "id": ""
                            },
                            "default_value": "",
                            "placeholder": "",
                            "maxlength": "",
                            "rows": 5,
                            "new_lines": "br"
                        },
                        {
                            "key": "field_5af51815ee742",
                            "label": "Owner Name",
                            "name": "owner_name",
                            "type": "text",
                            "instructions": "",
                            "required": 0,
                            "conditional_logic": 0,
                            "wrapper": {
                                "width": "",
                                "class": "",
                                "id": ""
                            },
                            "default_value": "",
                            "placeholder": "",
                            "prepend": "",
                            "append": "",
                            "maxlength": ""
                        },
                        {
                            "key": "field_5af51840ee743",
                            "label": "Owner Image",
                            "name": "owner_image",
                            "type": "image",
                            "instructions": "",
                            "required": 0,
                            "conditional_logic": 0,
                            "wrapper": {
                                "width": "",
                                "class": "",
                                "id": ""
                            },
                            "return_format": "array",
                            "preview_size": "thumbnail",
                            "library": "all",
                            "min_width": "",
                            "min_height": "",
                            "min_size": "",
                            "max_width": "",
                            "max_height": "",
                            "max_size": "",
                            "mime_types": "",
                            "default_value": ""
                        },
                        {
                            "key": "field_5af51854ee744",
                            "label": "Component Class",
                            "name": "component_class",
                            "type": "text",
                            "instructions": "",
                            "required": 0,
                            "conditional_logic": 0,
                            "wrapper": {
                                "width": "",
                                "class": "",
                                "id": ""
                            },
                            "default_value": "",
                            "placeholder": "",
                            "prepend": "",
                            "append": "",
                            "maxlength": ""
                        }
                    ],
                    "min": "",
                    "max": ""
                },
                "5af51b72ee752": {
                    "key": "5af51b72ee752",
                    "name": "block_housing_process",
                    "label": "Block Housing Process",
                    "display": "row",
                    "sub_fields": [
                        {
                            "key": "field_5af51b97ee753",
                            "label": "Block Title",
                            "name": "block_title",
                            "type": "text",
                            "instructions": "",
                            "required": 0,
                            "conditional_logic": 0,
                            "wrapper": {
                                "width": "",
                                "class": "",
                                "id": ""
                            },
                            "default_value": "",
                            "placeholder": "",
                            "prepend": "",
                            "append": "",
                            "maxlength": ""
                        },
                        {
                            "key": "field_5af51b9dee754",
                            "label": "Block Subtitle",
                            "name": "block_subtitle",
                            "type": "text",
                            "instructions": "",
                            "required": 0,
                            "conditional_logic": 0,
                            "wrapper": {
                                "width": "",
                                "class": "",
                                "id": ""
                            },
                            "default_value": "",
                            "placeholder": "",
                            "prepend": "",
                            "append": "",
                            "maxlength": ""
                        },
                        {
                            "key": "field_5af51ba6ee755",
                            "label": "Block Description",
                            "name": "block_description",
                            "type": "textarea",
                            "instructions": "",
                            "required": 0,
                            "conditional_logic": 0,
                            "wrapper": {
                                "width": "",
                                "class": "",
                                "id": ""
                            },
                            "default_value": "",
                            "placeholder": "",
                            "maxlength": "",
                            "rows": 3,
                            "new_lines": "br"
                        },
                        {
                            "key": "field_5af51bd1ee756",
                            "label": "Process Timeline",
                            "name": "process_timeline",
                            "type": "repeater",
                            "instructions": "",
                            "required": 0,
                            "conditional_logic": 0,
                            "wrapper": {
                                "width": "",
                                "class": "",
                                "id": ""
                            },
                            "collapsed": "",
                            "min": 0,
                            "max": 0,
                            "layout": "block",
                            "button_label": "Add Process",
                            "sub_fields": [
                                {
                                    "key": "field_5af51c60ee757",
                                    "label": "Process Step",
                                    "name": "process_step",
                                    "type": "text",
                                    "instructions": "",
                                    "required": 0,
                                    "conditional_logic": 0,
                                    "wrapper": {
                                        "width": "",
                                        "class": "",
                                        "id": ""
                                    },
                                    "default_value": "",
                                    "placeholder": "",
                                    "prepend": "",
                                    "append": "",
                                    "maxlength": ""
                                },
                                {
                                    "key": "field_5af51c6fee758",
                                    "label": "Process Title",
                                    "name": "process_title",
                                    "type": "text",
                                    "instructions": "",
                                    "required": 0,
                                    "conditional_logic": 0,
                                    "wrapper": {
                                        "width": "",
                                        "class": "",
                                        "id": ""
                                    },
                                    "default_value": "",
                                    "placeholder": "",
                                    "prepend": "",
                                    "append": "",
                                    "maxlength": ""
                                },
                                {
                                    "key": "field_5af51c7cee759",
                                    "label": "Process Content",
                                    "name": "process_content",
                                    "type": "textarea",
                                    "instructions": "",
                                    "required": 0,
                                    "conditional_logic": 0,
                                    "wrapper": {
                                        "width": "",
                                        "class": "",
                                        "id": ""
                                    },
                                    "default_value": "",
                                    "placeholder": "",
                                    "maxlength": "",
                                    "rows": 3,
                                    "new_lines": "br"
                                },
                                {
                                    "key": "field_5af51c94ee75a",
                                    "label": "Process Color",
                                    "name": "process_color",
                                    "type": "color_picker",
                                    "instructions": "",
                                    "required": 0,
                                    "conditional_logic": 0,
                                    "wrapper": {
                                        "width": "",
                                        "class": "",
                                        "id": ""
                                    },
                                    "default_value": ""
                                }
                            ]
                        },
                        {
                            "key": "field_5af51cf3ee75b",
                            "label": "Component Class",
                            "name": "component_class",
                            "type": "text",
                            "instructions": "",
                            "required": 0,
                            "conditional_logic": 0,
                            "wrapper": {
                                "width": "",
                                "class": "",
                                "id": ""
                            },
                            "default_value": "",
                            "placeholder": "",
                            "prepend": "",
                            "append": "",
                            "maxlength": ""
                        }
                    ],
                    "min": "",
                    "max": ""
                },
                "5af51d02ee75c": {
                    "key": "5af51d02ee75c",
                    "name": "block_construction",
                    "label": "Block Construction",
                    "display": "row",
                    "sub_fields": [
                        {
                            "key": "field_5af51d0dee75d",
                            "label": "Block Title",
                            "name": "block_title",
                            "type": "text",
                            "instructions": "",
                            "required": 0,
                            "conditional_logic": 0,
                            "wrapper": {
                                "width": "",
                                "class": "",
                                "id": ""
                            },
                            "default_value": "",
                            "placeholder": "",
                            "prepend": "",
                            "append": "",
                            "maxlength": ""
                        },
                        {
                            "key": "field_5af51d24ee75f",
                            "label": "Construction List",
                            "name": "construction_list",
                            "type": "repeater",
                            "instructions": "",
                            "required": 0,
                            "conditional_logic": 0,
                            "wrapper": {
                                "width": "",
                                "class": "",
                                "id": ""
                            },
                            "collapsed": "",
                            "min": 0,
                            "max": 5,
                            "layout": "block",
                            "button_label": "Add Constructions",
                            "sub_fields": [
                                {
                                    "key": "field_5af51d41ee761",
                                    "label": "Construction Image",
                                    "name": "construction_image",
                                    "type": "image",
                                    "instructions": "",
                                    "required": 0,
                                    "conditional_logic": 0,
                                    "wrapper": {
                                        "width": "",
                                        "class": "",
                                        "id": ""
                                    },
                                    "return_format": "array",
                                    "preview_size": "thumbnail",
                                    "library": "all",
                                    "min_width": "",
                                    "min_height": "",
                                    "min_size": "",
                                    "max_width": "",
                                    "max_height": "",
                                    "max_size": "",
                                    "mime_types": "",
                                    "default_value": ""
                                },
                                {
                                    "key": "field_5af51d3cee760",
                                    "label": "Construction Title",
                                    "name": "construction_title",
                                    "type": "text",
                                    "instructions": "",
                                    "required": 0,
                                    "conditional_logic": 0,
                                    "wrapper": {
                                        "width": "",
                                        "class": "",
                                        "id": ""
                                    },
                                    "default_value": "",
                                    "placeholder": "",
                                    "prepend": "",
                                    "append": "",
                                    "maxlength": ""
                                },
                                {
                                    "key": "field_5af51d51ee762",
                                    "label": "Construction Content",
                                    "name": "construction_content",
                                    "type": "textarea",
                                    "instructions": "",
                                    "required": 0,
                                    "conditional_logic": 0,
                                    "wrapper": {
                                        "width": "",
                                        "class": "",
                                        "id": ""
                                    },
                                    "default_value": "",
                                    "placeholder": "",
                                    "maxlength": "",
                                    "rows": 3,
                                    "new_lines": ""
                                }
                            ]
                        },
                        {
                            "key": "field_5af51d14ee75e",
                            "label": "Component Class",
                            "name": "component_class",
                            "type": "text",
                            "instructions": "",
                            "required": 0,
                            "conditional_logic": 0,
                            "wrapper": {
                                "width": "",
                                "class": "",
                                "id": ""
                            },
                            "default_value": "",
                            "placeholder": "",
                            "prepend": "",
                            "append": "",
                            "maxlength": ""
                        }
                    ],
                    "min": "",
                    "max": ""
                },
                "5af51890ee745": {
                    "key": "5af51890ee745",
                    "name": "block_contact_us",
                    "label": "Block Contact Us",
                    "display": "row",
                    "sub_fields": [
                        {
                            "key": "field_5af518baee746",
                            "label": "Contact Us Form",
                            "name": "contact_us_form",
                            "type": "group",
                            "instructions": "",
                            "required": 0,
                            "conditional_logic": 0,
                            "wrapper": {
                                "width": "",
                                "class": "",
                                "id": ""
                            },
                            "layout": "block",
                            "sub_fields": [
                                {
                                    "key": "field_5af518d1ee747",
                                    "label": "Block Title",
                                    "name": "block_title",
                                    "type": "text",
                                    "instructions": "",
                                    "required": 0,
                                    "conditional_logic": 0,
                                    "wrapper": {
                                        "width": "",
                                        "class": "",
                                        "id": ""
                                    },
                                    "default_value": "",
                                    "placeholder": "",
                                    "prepend": "",
                                    "append": "",
                                    "maxlength": ""
                                },
                                {
                                    "key": "field_5af5190dee748",
                                    "label": "Block Subtitle",
                                    "name": "block_subtitle",
                                    "type": "text",
                                    "instructions": "",
                                    "required": 0,
                                    "conditional_logic": 0,
                                    "wrapper": {
                                        "width": "",
                                        "class": "",
                                        "id": ""
                                    },
                                    "default_value": "",
                                    "placeholder": "",
                                    "prepend": "",
                                    "append": "",
                                    "maxlength": ""
                                },
                                {
                                    "key": "field_5af51925ee749",
                                    "label": "Block Description",
                                    "name": "block_description",
                                    "type": "textarea",
                                    "instructions": "",
                                    "required": 0,
                                    "conditional_logic": 0,
                                    "wrapper": {
                                        "width": "",
                                        "class": "",
                                        "id": ""
                                    },
                                    "default_value": "",
                                    "placeholder": "",
                                    "maxlength": "",
                                    "rows": 3,
                                    "new_lines": "br"
                                },
                                {
                                    "key": "field_5af5193dee74a",
                                    "label": "Block Contact Form Attach",
                                    "name": "block_contact_form_attach",
                                    "type": "post_object",
                                    "instructions": "",
                                    "required": 0,
                                    "conditional_logic": 0,
                                    "wrapper": {
                                        "width": "",
                                        "class": "",
                                        "id": ""
                                    },
                                    "post_type": [
                                        "wpcf7_contact_form"
                                    ],
                                    "taxonomy": [],
                                    "allow_null": 0,
                                    "multiple": 0,
                                    "return_format": "object",
                                    "ui": 1
                                }
                            ]
                        },
                        {
                            "key": "field_5af5199eee74b",
                            "label": "Contact Us Detail",
                            "name": "contact_us_detail",
                            "type": "group",
                            "instructions": "",
                            "required": 0,
                            "conditional_logic": 0,
                            "wrapper": {
                                "width": "",
                                "class": "",
                                "id": ""
                            },
                            "layout": "block",
                            "sub_fields": [
                                {
                                    "key": "field_5b230eb04edef",
                                    "label": "Block Maps Informations",
                                    "name": "block_maps_informations",
                                    "type": "repeater",
                                    "instructions": "",
                                    "required": 0,
                                    "conditional_logic": 0,
                                    "wrapper": {
                                        "width": "",
                                        "class": "",
                                        "id": ""
                                    },
                                    "collapsed": "",
                                    "min": 0,
                                    "max": 0,
                                    "layout": "block",
                                    "button_label": "Add Maps and Informations",
                                    "sub_fields": [
                                        {
                                            "key": "field_5b2a85d6c7eb5",
                                            "label": "Contact Branch Name",
                                            "name": "contact_branch_name",
                                            "type": "text",
                                            "instructions": "",
                                            "required": 0,
                                            "conditional_logic": 0,
                                            "wrapper": {
                                                "width": "",
                                                "class": "",
                                                "id": ""
                                            },
                                            "default_value": "",
                                            "placeholder": "",
                                            "prepend": "",
                                            "append": "",
                                            "maxlength": ""
                                        },
                                        {
                                            "key": "field_5b230f2c4edf0",
                                            "label": "Contact Information",
                                            "name": "contact_information",
                                            "type": "repeater",
                                            "instructions": "",
                                            "required": 0,
                                            "conditional_logic": 0,
                                            "wrapper": {
                                                "width": "",
                                                "class": "",
                                                "id": ""
                                            },
                                            "collapsed": "",
                                            "min": 0,
                                            "max": 0,
                                            "layout": "table",
                                            "button_label": "Add Information",
                                            "sub_fields": [
                                                {
                                                    "key": "field_5b230f4d4edf1",
                                                    "label": "Info label",
                                                    "name": "info_label",
                                                    "type": "text",
                                                    "instructions": "",
                                                    "required": 0,
                                                    "conditional_logic": 0,
                                                    "wrapper": {
                                                        "width": "",
                                                        "class": "",
                                                        "id": ""
                                                    },
                                                    "default_value": "",
                                                    "placeholder": "",
                                                    "prepend": "",
                                                    "append": "",
                                                    "maxlength": ""
                                                },
                                                {
                                                    "key": "field_5b230f5a4edf2",
                                                    "label": "Info content",
                                                    "name": "info_content",
                                                    "type": "text",
                                                    "instructions": "",
                                                    "required": 0,
                                                    "conditional_logic": 0,
                                                    "wrapper": {
                                                        "width": "",
                                                        "class": "",
                                                        "id": ""
                                                    },
                                                    "default_value": "",
                                                    "placeholder": "",
                                                    "prepend": "",
                                                    "append": "",
                                                    "maxlength": ""
                                                }
                                            ]
                                        },
                                        {
                                            "key": "field_5b03de5b15e09",
                                            "label": "Contact Map Marker",
                                            "name": "contact_map_marker",
                                            "type": "image",
                                            "instructions": "",
                                            "required": 0,
                                            "conditional_logic": 0,
                                            "wrapper": {
                                                "width": "",
                                                "class": "",
                                                "id": ""
                                            },
                                            "return_format": "array",
                                            "preview_size": "thumbnail",
                                            "library": "all",
                                            "min_width": "",
                                            "min_height": "",
                                            "min_size": "",
                                            "max_width": "",
                                            "max_height": "",
                                            "max_size": 8,
                                            "mime_types": "",
                                            "default_value": ""
                                        },
                                        {
                                            "key": "field_5af51afcee750",
                                            "label": "Contact Map",
                                            "name": "contact_map",
                                            "type": "google_map",
                                            "instructions": "",
                                            "required": 0,
                                            "conditional_logic": 0,
                                            "wrapper": {
                                                "width": "",
                                                "class": "",
                                                "id": ""
                                            },
                                            "center_lat": "",
                                            "center_lng": "",
                                            "zoom": "",
                                            "height": ""
                                        }
                                    ]
                                }
                            ]
                        },
                        {
                            "key": "field_5af51b1cee751",
                            "label": "Component Class",
                            "name": "component_class",
                            "type": "text",
                            "instructions": "",
                            "required": 0,
                            "conditional_logic": 0,
                            "wrapper": {
                                "width": "",
                                "class": "",
                                "id": ""
                            },
                            "default_value": "",
                            "placeholder": "",
                            "prepend": "",
                            "append": "",
                            "maxlength": ""
                        }
                    ],
                    "min": "",
                    "max": ""
                },
                "5af49151034db": {
                    "key": "5af49151034db",
                    "name": "box_views_group",
                    "label": "Box Views Group",
                    "display": "row",
                    "sub_fields": [
                        {
                            "key": "field_5af49151034dc",
                            "label": "Views Shortcode Group",
                            "name": "views_shortcode_group",
                            "type": "clone",
                            "instructions": "",
                            "required": 0,
                            "conditional_logic": 0,
                            "wrapper": {
                                "width": "",
                                "class": "",
                                "id": ""
                            },
                            "clone": [
                                "group_57da0dd43b271"
                            ],
                            "display": "group",
                            "layout": "block",
                            "prefix_label": 1,
                            "prefix_name": 1
                        }
                    ],
                    "min": "",
                    "max": ""
                }
            },
            "button_label": "Add Component",
            "min": "",
            "max": ""
        }
    ],
    "location": [
        [
            {
                "param": "post_type",
                "operator": "==",
                "value": "page"
            },
            {
                "param": "page_template",
                "operator": "!=",
                "value": "page-templates\/page-lgs.php"
            }
        ]
    ],
    "menu_order": 5,
    "position": "normal",
    "style": "default",
    "label_placement": "top",
    "instruction_placement": "label",
    "hide_on_screen": "",
    "active": 1,
    "description": "",
    "modified": 1529549963
}