{
    "key": "group_5af493f153430",
    "title": "Media Group Fields",
    "fields": [
        {
            "key": "field_5af49458affa9",
            "label": "Image Style",
            "name": "image_style",
            "type": "select",
            "instructions": "",
            "required": 0,
            "conditional_logic": 0,
            "wrapper": {
                "width": "",
                "class": "",
                "id": ""
            },
            "choices": {
                "988x640": "988 x 640 (Large Vertical)",
                "634x956": "634 x 956 (Large Horizontal)"
            },
            "default_value": [],
            "allow_null": 0,
            "multiple": 0,
            "ui": 0,
            "ajax": 0,
            "return_format": "value",
            "placeholder": ""
        }
    ],
    "location": [
        [
            {
                "param": "attachment",
                "operator": "==",
                "value": "image"
            }
        ]
    ],
    "menu_order": 0,
    "position": "normal",
    "style": "default",
    "label_placement": "top",
    "instruction_placement": "label",
    "hide_on_screen": "",
    "active": 0,
    "description": "",
    "modified": 1527065665
}