{
    "key": "group_5af48b8781786",
    "title": "Footer Components",
    "fields": [
        {
            "key": "field_5af48bbf2f09c",
            "label": "Footer Components",
            "name": "footer_components",
            "type": "flexible_content",
            "instructions": "",
            "required": 0,
            "conditional_logic": 0,
            "wrapper": {
                "width": "",
                "class": "",
                "id": ""
            },
            "layouts": {
                "5af48be34f67f": {
                    "key": "5af48be34f67f",
                    "name": "footer_block_description",
                    "label": "Footer Block Description",
                    "display": "block",
                    "sub_fields": [
                        {
                            "key": "field_5b4f0cc2b2e68",
                            "label": "Footer Block Title",
                            "name": "footer_block_title",
                            "type": "text",
                            "instructions": "",
                            "required": 0,
                            "conditional_logic": 0,
                            "wrapper": {
                                "width": "",
                                "class": "",
                                "id": ""
                            },
                            "default_value": "",
                            "placeholder": "",
                            "prepend": "",
                            "append": "",
                            "maxlength": ""
                        },
                        {
                            "key": "field_5af48d862f09e",
                            "label": "Footer Block Content",
                            "name": "footer_block_content",
                            "type": "wysiwyg",
                            "instructions": "",
                            "required": 0,
                            "conditional_logic": 0,
                            "wrapper": {
                                "width": "",
                                "class": "",
                                "id": ""
                            },
                            "default_value": "",
                            "tabs": "all",
                            "toolbar": "full",
                            "media_upload": 1,
                            "delay": 0
                        },
                        {
                            "key": "field_5af48dad2f09f",
                            "label": "Component Class",
                            "name": "component_class",
                            "type": "text",
                            "instructions": "",
                            "required": 0,
                            "conditional_logic": 0,
                            "wrapper": {
                                "width": "",
                                "class": "",
                                "id": ""
                            },
                            "default_value": "",
                            "placeholder": "",
                            "prepend": "",
                            "append": "",
                            "maxlength": ""
                        }
                    ],
                    "min": "",
                    "max": ""
                },
                "layout_5b4f0cdbb2e69": {
                    "key": "layout_5b4f0cdbb2e69",
                    "name": "footer_block_info",
                    "label": "Footer Block Info",
                    "display": "block",
                    "sub_fields": [
                        {
                            "key": "field_5b4f0cdbb2e6a",
                            "label": "Footer Block Title",
                            "name": "footer_block_title",
                            "type": "text",
                            "instructions": "",
                            "required": 0,
                            "conditional_logic": 0,
                            "wrapper": {
                                "width": "",
                                "class": "",
                                "id": ""
                            },
                            "default_value": "",
                            "placeholder": "",
                            "prepend": "",
                            "append": "",
                            "maxlength": ""
                        },
                        {
                            "key": "field_5b4f0cdbb2e6b",
                            "label": "Footer Block Info List",
                            "name": "footer_block_info_list",
                            "type": "repeater",
                            "instructions": "",
                            "required": 0,
                            "conditional_logic": 0,
                            "wrapper": {
                                "width": "",
                                "class": "",
                                "id": ""
                            },
                            "collapsed": "",
                            "min": 0,
                            "max": 0,
                            "layout": "row",
                            "button_label": "Add Info Items",
                            "sub_fields": [
                                {
                                    "key": "field_5b4f0d12b2e6d",
                                    "label": "Info Item",
                                    "name": "info_item",
                                    "type": "text",
                                    "instructions": "",
                                    "required": 0,
                                    "conditional_logic": 0,
                                    "wrapper": {
                                        "width": "",
                                        "class": "",
                                        "id": ""
                                    },
                                    "default_value": "",
                                    "placeholder": "",
                                    "prepend": "",
                                    "append": "",
                                    "maxlength": ""
                                }
                            ]
                        },
                        {
                            "key": "field_5b4f0cdbb2e6c",
                            "label": "Component Class",
                            "name": "component_class",
                            "type": "text",
                            "instructions": "",
                            "required": 0,
                            "conditional_logic": 0,
                            "wrapper": {
                                "width": "",
                                "class": "",
                                "id": ""
                            },
                            "default_value": "",
                            "placeholder": "",
                            "prepend": "",
                            "append": "",
                            "maxlength": ""
                        }
                    ],
                    "min": "",
                    "max": ""
                }
            },
            "button_label": "Add Footer Components",
            "min": 1,
            "max": 3
        }
    ],
    "location": [
        [
            {
                "param": "widget",
                "operator": "==",
                "value": "footer_widget"
            }
        ]
    ],
    "menu_order": 0,
    "position": "normal",
    "style": "default",
    "label_placement": "top",
    "instruction_placement": "label",
    "hide_on_screen": "",
    "active": 1,
    "description": "",
    "modified": 1531907394
}