{
    "key": "group_5af48b8781786",
    "title": "Footer Components",
    "fields": [
        {
            "key": "field_5af48bbf2f09c",
            "label": "Footer Components",
            "name": "footer_components",
            "type": "flexible_content",
            "instructions": "",
            "required": 0,
            "conditional_logic": 0,
            "wrapper": {
                "width": "",
                "class": "",
                "id": ""
            },
            "layouts": {
                "5af48be34f67f": {
                    "key": "5af48be34f67f",
                    "name": "footer_block_text",
                    "label": "Footer Block Text",
                    "display": "block",
                    "sub_fields": [
                        {
                            "key": "field_5af48d752f09d",
                            "label": "Footer Block Title",
                            "name": "footer_block_title",
                            "type": "text",
                            "instructions": "",
                            "required": 0,
                            "conditional_logic": 0,
                            "wrapper": {
                                "width": "",
                                "class": "",
                                "id": ""
                            },
                            "default_value": "",
                            "placeholder": "",
                            "prepend": "",
                            "append": "",
                            "maxlength": ""
                        },
                        {
                            "key": "field_5af48d862f09e",
                            "label": "Footer Block Text Content",
                            "name": "footer_block_text_content",
                            "type": "wysiwyg",
                            "instructions": "",
                            "required": 0,
                            "conditional_logic": 0,
                            "wrapper": {
                                "width": "",
                                "class": "",
                                "id": ""
                            },
                            "default_value": "",
                            "tabs": "all",
                            "toolbar": "full",
                            "media_upload": 1,
                            "delay": 0
                        },
                        {
                            "key": "field_5af48dad2f09f",
                            "label": "Component Class",
                            "name": "component_class",
                            "type": "text",
                            "instructions": "",
                            "required": 0,
                            "conditional_logic": 0,
                            "wrapper": {
                                "width": "",
                                "class": "",
                                "id": ""
                            },
                            "default_value": "",
                            "placeholder": "",
                            "prepend": "",
                            "append": "",
                            "maxlength": ""
                        }
                    ],
                    "min": "",
                    "max": ""
                },
                "5af48dbc2f0a0": {
                    "key": "5af48dbc2f0a0",
                    "name": "footer_block_menu",
                    "label": "Footer Block Menu",
                    "display": "block",
                    "sub_fields": [
                        {
                            "key": "field_5af48dc62f0a1",
                            "label": "Footer Block Title",
                            "name": "footer_block_title",
                            "type": "text",
                            "instructions": "",
                            "required": 0,
                            "conditional_logic": 0,
                            "wrapper": {
                                "width": "",
                                "class": "",
                                "id": ""
                            },
                            "default_value": "",
                            "placeholder": "",
                            "prepend": "",
                            "append": "",
                            "maxlength": ""
                        },
                        {
                            "key": "field_5af48ddf2f0a2",
                            "label": "Footer Menu",
                            "name": "footer_menu",
                            "type": "nav_menu",
                            "instructions": "",
                            "required": 0,
                            "conditional_logic": 0,
                            "wrapper": {
                                "width": "",
                                "class": "",
                                "id": ""
                            },
                            "save_format": "object",
                            "container": "div",
                            "allow_null": 0
                        },
                        {
                            "key": "field_5af48e1e2f0a3",
                            "label": "Component Class",
                            "name": "component_class",
                            "type": "text",
                            "instructions": "",
                            "required": 0,
                            "conditional_logic": 0,
                            "wrapper": {
                                "width": "",
                                "class": "",
                                "id": ""
                            },
                            "default_value": "",
                            "placeholder": "",
                            "prepend": "",
                            "append": "",
                            "maxlength": ""
                        }
                    ],
                    "min": "",
                    "max": ""
                },
                "5af48e2c2f0a4": {
                    "key": "5af48e2c2f0a4",
                    "name": "footer_block_facebook",
                    "label": "Footer Block Facebook",
                    "display": "block",
                    "sub_fields": [
                        {
                            "key": "field_5af48e382f0a5",
                            "label": "Footer Block Title",
                            "name": "footer_block_title",
                            "type": "text",
                            "instructions": "",
                            "required": 0,
                            "conditional_logic": 0,
                            "wrapper": {
                                "width": "",
                                "class": "",
                                "id": ""
                            },
                            "default_value": "",
                            "placeholder": "",
                            "prepend": "",
                            "append": "",
                            "maxlength": ""
                        },
                        {
                            "key": "field_5af48e422f0a6",
                            "label": "Facebook URL",
                            "name": "facebook_url",
                            "type": "url",
                            "instructions": "",
                            "required": 0,
                            "conditional_logic": 0,
                            "wrapper": {
                                "width": "",
                                "class": "",
                                "id": ""
                            },
                            "default_value": "",
                            "placeholder": ""
                        },
                        {
                            "key": "field_5af48e562f0a7",
                            "label": "Component Class",
                            "name": "component_class",
                            "type": "text",
                            "instructions": "",
                            "required": 0,
                            "conditional_logic": 0,
                            "wrapper": {
                                "width": "",
                                "class": "",
                                "id": ""
                            },
                            "default_value": "",
                            "placeholder": "",
                            "prepend": "",
                            "append": "",
                            "maxlength": ""
                        }
                    ],
                    "min": "",
                    "max": ""
                }
            },
            "button_label": "Add Footer Components",
            "min": 1,
            "max": 3
        }
    ],
    "location": [
        [
            {
                "param": "widget",
                "operator": "==",
                "value": "footer_widget"
            }
        ]
    ],
    "menu_order": 0,
    "position": "normal",
    "style": "default",
    "label_placement": "top",
    "instruction_placement": "label",
    "hide_on_screen": "",
    "active": 1,
    "description": "",
    "modified": 1528171380
}