{
    "key": "group_583ce02a18e98",
    "title": "Group Component",
    "fields": [
        {
            "key": "field_583ce60aa4ee2",
            "label": "Group Component",
            "name": "group_component",
            "type": "flexible_content",
            "instructions": "",
            "required": 0,
            "conditional_logic": 0,
            "wrapper": {
                "width": "",
                "class": "",
                "id": ""
            },
            "layouts": {
                "5af51890ee745": {
                    "key": "5af51890ee745",
                    "name": "block_contact_us",
                    "label": "Block Contact Us",
                    "display": "row",
                    "sub_fields": [
                        {
                            "key": "field_5af518baee746",
                            "label": "Contact Us Form",
                            "name": "contact_us_form",
                            "type": "group",
                            "instructions": "",
                            "required": 0,
                            "conditional_logic": 0,
                            "wrapper": {
                                "width": "",
                                "class": "",
                                "id": ""
                            },
                            "layout": "block",
                            "sub_fields": [
                                {
                                    "key": "field_5af518d1ee747",
                                    "label": "Block Title",
                                    "name": "block_title",
                                    "type": "text",
                                    "instructions": "",
                                    "required": 0,
                                    "conditional_logic": 0,
                                    "wrapper": {
                                        "width": "",
                                        "class": "",
                                        "id": ""
                                    },
                                    "default_value": "",
                                    "placeholder": "",
                                    "prepend": "",
                                    "append": "",
                                    "maxlength": ""
                                },
                                {
                                    "key": "field_5af5190dee748",
                                    "label": "Block Subtitle",
                                    "name": "block_subtitle",
                                    "type": "text",
                                    "instructions": "",
                                    "required": 0,
                                    "conditional_logic": 0,
                                    "wrapper": {
                                        "width": "",
                                        "class": "",
                                        "id": ""
                                    },
                                    "default_value": "",
                                    "placeholder": "",
                                    "prepend": "",
                                    "append": "",
                                    "maxlength": ""
                                },
                                {
                                    "key": "field_5af51925ee749",
                                    "label": "Block Description",
                                    "name": "block_description",
                                    "type": "textarea",
                                    "instructions": "",
                                    "required": 0,
                                    "conditional_logic": 0,
                                    "wrapper": {
                                        "width": "",
                                        "class": "",
                                        "id": ""
                                    },
                                    "default_value": "",
                                    "placeholder": "",
                                    "maxlength": "",
                                    "rows": 3,
                                    "new_lines": "br"
                                },
                                {
                                    "key": "field_5af5193dee74a",
                                    "label": "Block Contact Form Attach",
                                    "name": "block_contact_form_attach",
                                    "type": "post_object",
                                    "instructions": "",
                                    "required": 0,
                                    "conditional_logic": 0,
                                    "wrapper": {
                                        "width": "",
                                        "class": "",
                                        "id": ""
                                    },
                                    "post_type": [
                                        "wpcf7_contact_form"
                                    ],
                                    "taxonomy": [],
                                    "allow_null": 0,
                                    "multiple": 0,
                                    "return_format": "object",
                                    "ui": 1
                                }
                            ]
                        },
                        {
                            "key": "field_5af5199eee74b",
                            "label": "Contact Us Detail",
                            "name": "contact_us_detail",
                            "type": "group",
                            "instructions": "",
                            "required": 0,
                            "conditional_logic": 0,
                            "wrapper": {
                                "width": "",
                                "class": "",
                                "id": ""
                            },
                            "layout": "block",
                            "sub_fields": [
                                {
                                    "key": "field_5b230eb04edef",
                                    "label": "Block Maps Informations",
                                    "name": "block_maps_informations",
                                    "type": "repeater",
                                    "instructions": "",
                                    "required": 0,
                                    "conditional_logic": 0,
                                    "wrapper": {
                                        "width": "",
                                        "class": "",
                                        "id": ""
                                    },
                                    "collapsed": "",
                                    "min": 0,
                                    "max": 0,
                                    "layout": "block",
                                    "button_label": "Add Maps and Informations",
                                    "sub_fields": [
                                        {
                                            "key": "field_5b2a85d6c7eb5",
                                            "label": "Contact Branch Name",
                                            "name": "contact_branch_name",
                                            "type": "text",
                                            "instructions": "",
                                            "required": 0,
                                            "conditional_logic": 0,
                                            "wrapper": {
                                                "width": "",
                                                "class": "",
                                                "id": ""
                                            },
                                            "default_value": "",
                                            "placeholder": "",
                                            "prepend": "",
                                            "append": "",
                                            "maxlength": ""
                                        },
                                        {
                                            "key": "field_5b230f2c4edf0",
                                            "label": "Contact Information",
                                            "name": "contact_information",
                                            "type": "repeater",
                                            "instructions": "",
                                            "required": 0,
                                            "conditional_logic": 0,
                                            "wrapper": {
                                                "width": "",
                                                "class": "",
                                                "id": ""
                                            },
                                            "collapsed": "",
                                            "min": 0,
                                            "max": 0,
                                            "layout": "table",
                                            "button_label": "Add Information",
                                            "sub_fields": [
                                                {
                                                    "key": "field_5b230f4d4edf1",
                                                    "label": "Info label",
                                                    "name": "info_label",
                                                    "type": "text",
                                                    "instructions": "",
                                                    "required": 0,
                                                    "conditional_logic": 0,
                                                    "wrapper": {
                                                        "width": "",
                                                        "class": "",
                                                        "id": ""
                                                    },
                                                    "default_value": "",
                                                    "placeholder": "",
                                                    "prepend": "",
                                                    "append": "",
                                                    "maxlength": ""
                                                },
                                                {
                                                    "key": "field_5b230f5a4edf2",
                                                    "label": "Info content",
                                                    "name": "info_content",
                                                    "type": "text",
                                                    "instructions": "",
                                                    "required": 0,
                                                    "conditional_logic": 0,
                                                    "wrapper": {
                                                        "width": "",
                                                        "class": "",
                                                        "id": ""
                                                    },
                                                    "default_value": "",
                                                    "placeholder": "",
                                                    "prepend": "",
                                                    "append": "",
                                                    "maxlength": ""
                                                }
                                            ]
                                        },
                                        {
                                            "key": "field_5b03de5b15e09",
                                            "label": "Contact Map Marker",
                                            "name": "contact_map_marker",
                                            "type": "image",
                                            "instructions": "",
                                            "required": 0,
                                            "conditional_logic": 0,
                                            "wrapper": {
                                                "width": "",
                                                "class": "",
                                                "id": ""
                                            },
                                            "return_format": "array",
                                            "preview_size": "thumbnail",
                                            "library": "all",
                                            "min_width": "",
                                            "min_height": "",
                                            "min_size": "",
                                            "max_width": "",
                                            "max_height": "",
                                            "max_size": 8,
                                            "mime_types": "",
                                            "default_value": ""
                                        },
                                        {
                                            "key": "field_5af51afcee750",
                                            "label": "Contact Map",
                                            "name": "contact_map",
                                            "type": "google_map",
                                            "instructions": "",
                                            "required": 0,
                                            "conditional_logic": 0,
                                            "wrapper": {
                                                "width": "",
                                                "class": "",
                                                "id": ""
                                            },
                                            "center_lat": "",
                                            "center_lng": "",
                                            "zoom": "",
                                            "height": ""
                                        }
                                    ]
                                }
                            ]
                        },
                        {
                            "key": "field_5af51b1cee751",
                            "label": "Component Class",
                            "name": "component_class",
                            "type": "text",
                            "instructions": "",
                            "required": 0,
                            "conditional_logic": 0,
                            "wrapper": {
                                "width": "",
                                "class": "",
                                "id": ""
                            },
                            "default_value": "",
                            "placeholder": "",
                            "prepend": "",
                            "append": "",
                            "maxlength": ""
                        }
                    ],
                    "min": "",
                    "max": ""
                }
            },
            "button_label": "Add Component",
            "min": "",
            "max": ""
        }
    ],
    "location": [
        [
            {
                "param": "post_type",
                "operator": "==",
                "value": "page"
            }
        ]
    ],
    "menu_order": 5,
    "position": "normal",
    "style": "default",
    "label_placement": "top",
    "instruction_placement": "label",
    "hide_on_screen": "",
    "active": 1,
    "description": "",
    "modified": 1531906320
}